class,precision,recall,f1,support
negative,0.6894770819883796,0.8066465256797583,0.7434737208492864,3972
neutral,0.7565891472868217,0.6575711638874853,0.7036135892583582,5937
positive,0.7101332256762213,0.7406315789473684,0.7250618301731245,2375
